Nextclade_pango,clade,lineage,UnaliasedPango,LineagesOfInterest,WhoVariant,amount_nextclade_pangos
BA.1.1.16,21K (Omicron),BA.1.1,B.1.1.529.1.1.16,BA.1,Omicron,2
B.1.1.519,20B,B.1.1.519,B.1.1.519,NULL,NULL,239
BA.1,21K (Omicron),BA.1.1.15,B.1.1.529.1,BA.1,Omicron,1
B.1.618,20A,B.1,B.1.618,NULL,NULL,1
BA.1.6,21K (Omicron),BA.1,B.1.1.529.1.6,BA.1,Omicron,5
B.1.1,20B,B.1.1.25,B.1.1,NULL,NULL,1
BA.2,21L (Omicron),BA.2,B.1.1.529.2,BA.2,Omicron,74540
BA.1.1.15,21K (Omicron),BA.1.1.15,B.1.1.529.1.1.15,BA.1,Omicron,163
AY.43,21J (Delta),AY.43.7,B.1.617.2.43,Delta,Delta,9
B.1,20A,AY.126,B.1,NULL,NULL,2
AY.116.1,21J (Delta),AY.116,B.1.617.2.116.1,Delta,Delta,1
B.1.1.378,20B,D.5,B.1.1.378,NULL,NULL,1
AY.4.2,21J (Delta),AY.4.2,B.1.617.2.4.2,Delta,Delta,4438
BA.1.16.1,21K (Omicron),BA.1.16,B.1.1.529.1.16.1,BA.1,Omicron,3
AY.132,21J (Delta),AY.132,B.1.617.2.132,Delta,Delta,678
AY.84,21J (Delta),AY.84,B.1.617.2.84,Delta,Delta,46
A.27,19B,A.27,A.27,NULL,NULL,4
AY.32,21J (Delta),AY.32,B.1.617.2.32,Delta,Delta,79
XE,recombinant,BA.2.10,XE,NULL,NULL,1
BA.1.15.1,21K (Omicron),BA.1.15.1,B.1.1.529.1.15.1,BA.1,Omicron,262
B.1,20A,B.1.36.1,B.1,NULL,NULL,1
B.1.1.181,20B,B.1.1.425,B.1.1.181,NULL,NULL,7
AY.6,21J (Delta),AY.6,B.1.617.2.6,Delta,Delta,753
B.1,20A,B.1.36,B.1,NULL,NULL,8
B.1.391,20A,B.1.88.1,B.1.391,NULL,NULL,1
BA.2.9,21L (Omicron),BA.2.9,B.1.1.529.2.9,BA.2,Omicron,28962
B.1.36.9,20A,B.1.36.9,B.1.36.9,NULL,NULL,10
AY.92,21J (Delta),AY.92,B.1.617.2.92,Delta,Delta,320
B.1.617.2,21A (Delta),AY.53,B.1.617.2,Delta,Delta,1
AY.9,21I (Delta),AY.9,B.1.617.2.9,Delta,Delta,225
AY.103,21J (Delta),AY.103,B.1.617.2.103,Delta,Delta,86
AY.4,21J (Delta),AY.4.9,B.1.617.2.4,Delta,Delta,218
B.1,20A,B.1.88.1,B.1,NULL,NULL,14
P.1.17.1,20J (Gamma; V3),P.1.17.1,B.1.1.28.1.17.1,Gamma,Gamma,5
B.1.36,20A,B.1.36.1,B.1.36,NULL,NULL,9
AY.26,21I (Delta),AY.26,B.1.617.2.26,Delta,Delta,25
XZ,recombinant,BA.2.51,XZ,NULL,NULL,1
B.1.1.153,20B,B.1.1.153,B.1.1.153,NULL,NULL,426
B.1.617.2,21J (Delta),AY.4.13,B.1.617.2,Delta,Delta,2
BA.2.23,21L (Omicron),BA.2.23,B.1.1.529.2.23,BA.2,Omicron,3
BA.2,21L (Omicron),BA.2.71,B.1.1.529.2,BA.2,Omicron,1
B.1.617.2,21J (Delta),AY.36,B.1.617.2,Delta,Delta,13
B.1.1,20B,B.1.1.376,B.1.1,NULL,NULL,2
B.1.1.307,20B,B.1.1.307,B.1.1.307,NULL,NULL,4
AY.4,21J (Delta),AY.6,B.1.617.2.4,Delta,Delta,1
B.1.160.16,20A,B.1.160,B.1.160.16,NULL,NULL,5
Q.1,20I (Alpha; V1),Q.1,B.1.1.7.1,Alpha,Alpha,183
B.1.617.2,21J (Delta),AY.4.9,B.1.617.2,Delta,Delta,1
B.1.177,20E (EU1),B.1.177.69,B.1.177,NULL,NULL,1
B.1,20A,B.1.471,B.1,NULL,NULL,1
AY.5,21J (Delta),AY.5.4,B.1.617.2.5,Delta,Delta,24
AY.41,21J (Delta),AY.41,B.1.617.2.41,Delta,Delta,71
BA.2,21L (Omicron),BA.2.6,B.1.1.529.2,BA.2,Omicron,4
B.1,20A,AY.9.2,B.1,NULL,NULL,1
B.1.1.348,20B,B.1.1.348,B.1.1.348,NULL,NULL,10
AY.122,21J (Delta),AY.32,B.1.617.2.122,Delta,Delta,1
AY.70,21I (Delta),B.1.617.2,B.1.617.2.70,Delta,Delta,1
B.1.1,20B,B.1.1.333,B.1.1,NULL,NULL,1
B.1.617.2,21J (Delta),AY.46.2,B.1.617.2,Delta,Delta,1
C.36.3.1,20D,C.36.3.1,B.1.1.1.36.3.1,NULL,NULL,2
B.1.177,20E (EU1),B.1.177.82,B.1.177,NULL,NULL,1
AY.98.1,21J (Delta),AY.98,B.1.617.2.98.1,Delta,Delta,9
B.1.639,20A,B.1.639,B.1.639,NULL,NULL,1
AY.43.4,21J (Delta),AY.43.4,B.1.617.2.43.4,Delta,Delta,6
BA.1.8,21K (Omicron),BA.1.8,B.1.1.529.1.8,BA.1,Omicron,35
B.1.351,20H (Beta; V2),B.1.351,B.1.351,Beta,Beta,180
B.1.1.374,20B,B.1.1.374,B.1.1.374,NULL,NULL,9
B.1.177.86,20E (EU1),B.1.177.86,B.1.177.86,NULL,NULL,2168
B.1.160,20A,B.1.1,B.1.160,NULL,NULL,1
AY.112.3,21J (Delta),AY.112,B.1.617.2.112.3,Delta,Delta,1
B.1,20A,B.1.463,B.1,NULL,NULL,1
AY.120.2.1,21J (Delta),AY.120.2.1,B.1.617.2.120.2.1,Delta,Delta,1371
AY.5.4,21J (Delta),AY.5.4,B.1.617.2.5.4,Delta,Delta,55
AY.128,21J (Delta),AY.128,B.1.617.2.128,Delta,Delta,9
AY.4.2.2,21J (Delta),AY.4.2.2,B.1.617.2.4.2.2,Delta,Delta,76
Q.4,20I (Alpha; V1),Q.4,B.1.1.7.4,Alpha,Alpha,90
B.1.1.216,20B,B.1.1.216,B.1.1.216,NULL,NULL,4
XAP,recombinant,BA.2,XAP,NULL,NULL,2
B.1.1,20B,BA.2,B.1.1,NULL,NULL,3
C.36,20D,C.36,B.1.1.1.36,NULL,NULL,78
B.1.1,20B,B.1.1.298,B.1.1,NULL,NULL,12
AY.4,21J (Delta),BA.1,B.1.617.2.4,Delta,Delta,1
B.1.160,20A,B.1,B.1.160,NULL,NULL,1
BA.1.1.7,21K (Omicron),BA.1.1,B.1.1.529.1.1.7,BA.1,Omicron,2
B.1,20A,B.1.1.191,B.1,NULL,NULL,2
B.1.617.2,21J (Delta),AY.41,B.1.617.2,Delta,Delta,1
AY.4.17,21J (Delta),AY.4,B.1.617.2.4.17,Delta,Delta,105
AY.16,21A (Delta),B.1.617.2,B.1.617.2.16,Delta,Delta,4
B.1.1.277,20B,B.1.1.277,B.1.1.277,NULL,NULL,695
B.1.1.159,20B,B.1.1.159,B.1.1.159,NULL,NULL,76
B.1.177,20E (EU1),U.2,B.1.177,NULL,NULL,6
B.1.177.46,20E (EU1),B.1.177.46,B.1.177.46,NULL,NULL,38
AY.7,21J (Delta),AY.7,B.1.617.2.7,Delta,Delta,11
B.1,20A,B.1.36.25,B.1,NULL,NULL,33
B.1.177.12,20E (EU1),B.1.177.12,B.1.177.12,NULL,NULL,9031
BA.1,21K (Omicron),BA.1.21,B.1.1.529.1,BA.1,Omicron,69
B.1.1.311,20B,B.1.1.311,B.1.1.311,NULL,NULL,9
B.1.36,20A,B.1,B.1.36,NULL,NULL,7
AY.120,21J (Delta),AY.120.2,B.1.617.2.120,Delta,Delta,1
BA.1,21K (Omicron),BA.1.5,B.1.1.529.1,BA.1,Omicron,3
B.1.1.25,20B,B.1.1,B.1.1.25,NULL,NULL,1
B.1.1.486,20B,B.1.1.486,B.1.1.486,NULL,NULL,2
AY.126,21J (Delta),AY.126,B.1.617.2.126,Delta,Delta,9823
AY.4.13,21J (Delta),AY.4.13,B.1.617.2.4.13,Delta,Delta,64
B.1.526,21F (Iota),B.1.526,B.1.526,NULL,NULL,11
B.1.1.203,20B,B.1.1,B.1.1.203,NULL,NULL,3
AY.132,21J (Delta),B.1.617.2,B.1.617.2.132,Delta,Delta,1
B.1.617.2,21J (Delta),AY.34,B.1.617.2,Delta,Delta,3
B.1,20A,B.1.177.21,B.1,NULL,NULL,25
AY.111,21J (Delta),AY.111,B.1.617.2.111,Delta,Delta,990
Q.1,20I (Alpha; V1),B.1.1.7,B.1.1.7.1,Alpha,Alpha,426
AY.43,21J (Delta),AY.43,B.1.617.2.43,Delta,Delta,32746
B.1.617.2,21J (Delta),AY.4.5,B.1.617.2,Delta,Delta,6
B.1.617.2,21J (Delta),AY.92,B.1.617.2,Delta,Delta,2
BA.2.45,21L (Omicron),BA.2.45,B.1.1.529.2.45,BA.2,Omicron,21
BA.1.1.7,21K (Omicron),BA.1.1.7,B.1.1.529.1.1.7,BA.1,Omicron,5
B.1.177.87,20E (EU1),B.1.177.87,B.1.177.87,NULL,NULL,15
B.1,20A,B.1.1.288,B.1,NULL,NULL,2
B.1.1.420,20B,B.1.1.420,B.1.1.420,NULL,NULL,42
B.1.36.7,20A,B.1.36.7,B.1.36.7,NULL,NULL,4
AY.7,21J (Delta),AY.7.1,B.1.617.2.7,Delta,Delta,153
B.1.1.269,20B,B.1.1.269,B.1.1.269,NULL,NULL,11
B.1.1.192,20B,B.1.1.192,B.1.1.192,NULL,NULL,1
B.1.36,20A,B.1.36.33,B.1.36,NULL,NULL,133
BA.1.14,21K (Omicron),BA.1.14,B.1.1.529.1.14,BA.1,Omicron,1143
BA.2.7,21L (Omicron),BA.2.7,B.1.1.529.2.7,BA.2,Omicron,22
B.1,20A,B.1.1.170,B.1,NULL,NULL,2
B.1.617.2,21J (Delta),AY.119,B.1.617.2,Delta,Delta,1
B.1.530,20A,B.1.530,B.1.530,NULL,NULL,2
B.1.177.21,20E (EU1),B.1.177,B.1.177.21,NULL,NULL,17
B.1.1,20B,B.1.1.222,B.1.1,NULL,NULL,1
B.1.1,20B,B.1.1.519,B.1.1,NULL,NULL,3
B.1.1.28,20B,B.1.1.28,B.1.1.28,Gamma,Gamma,1
B.1.258.3,20A,B.1.258,B.1.258.3,NULL,NULL,249
BA.1,21K (Omicron),BA.1.17.2,B.1.1.529.1,BA.1,Omicron,33
BA.1.1.16,21K (Omicron),BA.1.1.16,B.1.1.529.1.1.16,BA.1,Omicron,4
BA.1,21K (Omicron),BA.1.17,B.1.1.529.1,BA.1,Omicron,11
AY.98,21J (Delta),AY.98.1,B.1.617.2.98,Delta,Delta,90
BA.2,21L (Omicron),BA.2.9.5,B.1.1.529.2,BA.2,Omicron,25
AY.39.1,21J (Delta),AY.39.1,B.1.617.2.39.1,Delta,Delta,11
B.1,20A,BA.2.10,B.1,NULL,NULL,2
XQ,recombinant,BA.2,XQ,NULL,NULL,1
B.1.1,20B,B.1.1.100,B.1.1,NULL,NULL,32
BA.1.7,21K (Omicron),BA.1.17,B.1.1.529.1.7,BA.1,Omicron,1
B.1.177.73,20E (EU1),B.1.177.73,B.1.177.73,NULL,NULL,5
BA.2.45,21L (Omicron),BA.2.9,B.1.1.529.2.45,BA.2,Omicron,1
B.1.1.433,20B,B.1.1.433,B.1.1.433,NULL,NULL,827
AY.95,21J (Delta),AY.95,B.1.617.2.95,Delta,Delta,20
AY.125.1,21J (Delta),AY.125.1,B.1.617.2.125.1,Delta,Delta,2
BA.1.21,21K (Omicron),BA.1.1,B.1.1.529.1.21,BA.1,Omicron,1
P.1.1,20J (Gamma; V3),P.1.1,B.1.1.28.1.1,Gamma,Gamma,8
B.1.389,20A,B.1.389,B.1.389,NULL,NULL,34
AY.53,21A (Delta),AY.53,B.1.617.2.53,Delta,Delta,134
B.1.619,20A,B.1,B.1.619,NULL,NULL,1
B.1,20A,B.1.534,B.1,NULL,NULL,1
B.1.1.485,20B,B.1.1,B.1.1.485,NULL,NULL,1
AD.2,20B,B.1.1.315,B.1.1.315.2,NULL,NULL,14
BA.1.21.1,21K (Omicron),BA.1.21.1,B.1.1.529.1.21.1,BA.1,Omicron,4
B.1.177.12,20E (EU1),B.1.177,B.1.177.12,NULL,NULL,5
AY.121,21J (Delta),AY.121,B.1.617.2.121,Delta,Delta,1903
BA.2,21L (Omicron),B.1.1.529,B.1.1.529.2,BA.2,Omicron,14
BA.2.37,21L (Omicron),BA.2.37,B.1.1.529.2.37,BA.2,Omicron,2
B.1,20A,B.1.480,B.1,NULL,NULL,1
AY.23,21J (Delta),AY.23,B.1.617.2.23,Delta,Delta,166
B.1.617.2,21A (Delta),AY.126,B.1.617.2,Delta,Delta,1
AY.39,21J (Delta),AY.126,B.1.617.2.39,Delta,Delta,1
B.1,20A,B.1.400,B.1,NULL,NULL,4
B.1.1,20B,B.1.1.411,B.1.1,NULL,NULL,1
B.1.177,20E (EU1),B.1.177.77,B.1.177,NULL,NULL,2
B.1.1,20B,B.1.1.266,B.1.1,NULL,NULL,1
B.1.617,20A,AY.122,B.1.617,NULL,NULL,1
B.1.1.372,20B,B.1.1.372,B.1.1.372,NULL,NULL,1
AY.104,21J (Delta),AY.104,B.1.617.2.104,Delta,Delta,1
B.1.617.2,21J (Delta),AY.4.6,B.1.617.2,Delta,Delta,37
BA.2.51,21L (Omicron),BA.2.51,B.1.1.529.2.51,BA.2,Omicron,202
B.1.617.2,21A (Delta),AY.4.6,B.1.617.2,Delta,Delta,3
B.1.617.2,21A (Delta),AY.26,B.1.617.2,Delta,Delta,1
B.1.558,20A,B.1.88.1,B.1.558,NULL,NULL,224
AZ.5,20B,AZ.5,B.1.1.318.5,NULL,NULL,5
AY.43,21J (Delta),AY.43.8,B.1.617.2.43,Delta,Delta,1
AY.122,21J (Delta),AY.39.1.1,B.1.617.2.122,Delta,Delta,1
BA.1.1,21K (Omicron),BA.1.1,B.1.1.529.1.1,BA.1,Omicron,5161
B.1,20A,B.1.1.298,B.1,NULL,NULL,18
B.1.617.2,21A (Delta),AY.42,B.1.617.2,Delta,Delta,1
A.2.5.2,19B,A.2.5.2,A.2.5.2,NULL,NULL,1
AY.28,21I (Delta),AY.28,B.1.617.2.28,Delta,Delta,4
BA.1,21K (Omicron),BA.1.12,B.1.1.529.1,BA.1,Omicron,1
B.1.1.1,20D,B.1.1.1,B.1.1.1,NULL,NULL,19
AY.118,21J (Delta),AY.118,B.1.617.2.118,Delta,Delta,37
B.1.177.16,20E (EU1),B.1.177.16,B.1.177.16,NULL,NULL,3
AY.4.2,21J (Delta),AY.4.2.1,B.1.617.2.4.2,Delta,Delta,2
AY.4.2,21J (Delta),AY.4,B.1.617.2.4.2,Delta,Delta,19
AY.9.2.2,21I (Delta),AY.9.2.2,B.1.617.2.9.2.2,Delta,Delta,89
B.1,20A,B.1.160.17,B.1,NULL,NULL,1
AY.36,21J (Delta),AY.36.1,B.1.617.2.36,Delta,Delta,1
B.1.474,20A,B.1.474,B.1.474,NULL,NULL,105
B.1,20A,B.1.1.153,B.1,NULL,NULL,1
B.1.1.348,20B,B.1.1.288,B.1.1.348,NULL,NULL,1
B.1.617.2,21J (Delta),AY.33.2,B.1.617.2,Delta,Delta,1
B.1.1.318,20B,B.1.1.318,B.1.1.318,NULL,NULL,13
BA.1.1.1,21K (Omicron),BA.1.1.1,B.1.1.529.1.1.1,BA.1,Omicron,808
C.23,20D,C.23,B.1.1.1.23,NULL,NULL,3
B.1.1.277,20B,B.1.1,B.1.1.277,NULL,NULL,8
B.1.1,20B,B.1.1.529,B.1.1,NULL,NULL,4
BA.2.32,21L (Omicron),BA.2.32,B.1.1.529.2.32,BA.2,Omicron,1
B.1.177,20E (EU1),B.1.177.14,B.1.177,NULL,NULL,59
AY.116,21J (Delta),AY.116,B.1.617.2.116,Delta,Delta,62
B.1.617.2,21J (Delta),AY.132,B.1.617.2,Delta,Delta,4
AY.122.6,21J (Delta),AY.122.6,B.1.617.2.122.6,Delta,Delta,28
B.1.617.2,21J (Delta),AY.126,B.1.617.2,Delta,Delta,514
BA.1.4,21K (Omicron),BA.1.4,B.1.1.529.1.4,BA.1,Omicron,2
B.1.1.317,20B,B.1.1,B.1.1.317,NULL,NULL,2
B.1.617.2,21A (Delta),AY.95,B.1.617.2,Delta,Delta,1
AY.38,21I (Delta),AY.38,B.1.617.2.38,Delta,Delta,4
B.1.621,21H (Mu),B.1.621,B.1.621,NULL,NULL,97
B.1,20A,B.1.218,B.1,NULL,NULL,83
AY.3,21J (Delta),AY.3,B.1.617.2.3,Delta,Delta,32
AY.4.11,21J (Delta),AY.4.11,B.1.617.2.4.11,Delta,Delta,16
B.1.1.47,20B,B.1.1.47,B.1.1.47,NULL,NULL,7
B.1.617.2,21I (Delta),AY.61,B.1.617.2,Delta,Delta,6
B.1.1,20B,B.1.1.325,B.1.1,NULL,NULL,28
B.1.222,20A,B.1.480,B.1.222,NULL,NULL,2
B.1.177,20E (EU1),B.1.177.58,B.1.177,NULL,NULL,2
B,19A,B.1.1,B,NULL,NULL,2
B.1,20A,AY.129,B.1,NULL,NULL,1
P.1.7,20J (Gamma; V3),P.1.7,B.1.1.28.1.7,Gamma,Gamma,1
B.1.1.397,20B,B.1.1,B.1.1.397,NULL,NULL,4
B.1.177,20E (EU1),B.1.177.86,B.1.177,NULL,NULL,10
AY.39,21J (Delta),B.1.617.2,B.1.617.2.39,Delta,Delta,5
B.1.1.25,20B,B.1.1.25,B.1.1.25,NULL,NULL,5
AY.4,21J (Delta),AY.4.15,B.1.617.2.4,Delta,Delta,2
B.1.177.52,20E (EU1),B.1.177.52,B.1.177.52,NULL,NULL,6
B.1.617.2,21A (Delta),AY.58,B.1.617.2,Delta,Delta,1
B.1.221,20A,B.1.221.1,B.1.221,NULL,NULL,1
B.1.2,20G,B.1.2,B.1.2,NULL,NULL,119
B.1,20C,B.1.582,B.1,NULL,NULL,25
P.1.16,20J (Gamma; V3),P.1.16,B.1.1.28.1.16,Gamma,Gamma,1
BA.1.1,21K (Omicron),BA.1.17.2,B.1.1.529.1.1,BA.1,Omicron,1
BA.2.52,21L (Omicron),BA.2.52,B.1.1.529.2.52,BA.2,Omicron,2
AY.9.2,21I (Delta),AY.9.2,B.1.617.2.9.2,Delta,Delta,4333
AY.4.15,21J (Delta),AY.4.14,B.1.617.2.4.15,Delta,Delta,896
B,19A,B.1,B,NULL,NULL,9
B.1.177.86,20E (EU1),B.1,B.1.177.86,NULL,NULL,8
AY.5,21J (Delta),AY.5,B.1.617.2.5,Delta,Delta,1090
B.1.617.2,21I (Delta),AY.38,B.1.617.2,Delta,Delta,8
AY.60,21I (Delta),AY.60,B.1.617.2.60,Delta,Delta,334
B.1.1.413,20B,B.1.1.413,B.1.1.413,NULL,NULL,3
BA.1,21K (Omicron),BA.1.19,B.1.1.529.1,BA.1,Omicron,1
B.1.617.2,21J (Delta),AY.121,B.1.617.2,Delta,Delta,3
BA.1.1.2,21K (Omicron),BA.1.1.2,B.1.1.529.1.1.2,BA.1,Omicron,1
BA.1.14.1,21K (Omicron),BA.1.14.1,B.1.1.529.1.14.1,BA.1,Omicron,3
AY.43.7,21J (Delta),AY.43.7,B.1.617.2.43.7,Delta,Delta,1
BA.1.17,21K (Omicron),BA.1,B.1.1.529.1.17,BA.1,Omicron,4
B.1.1.462,20B,B.1.1,B.1.1.462,NULL,NULL,2
B.1.258.17,20A,B.1.258.17,B.1.258.17,NULL,NULL,53
B.1.617.2,21J (Delta),AY.91,B.1.617.2,Delta,Delta,1
BA.2,21L (Omicron),BA.2.37,B.1.1.529.2,BA.2,Omicron,8
BA.2,21L (Omicron),BA.2.36,B.1.1.529.2,BA.2,Omicron,63
BA.2.36,21L (Omicron),BA.2.36,B.1.1.529.2.36,BA.2,Omicron,7
B.1.177,20E (EU1),B.1.177.2,B.1.177,NULL,NULL,1
B.1,20A,B.1.498,B.1,NULL,NULL,1
B.1.1.181,20B,B.1.1.272,B.1.1.181,NULL,NULL,1
BA.2,21L (Omicron),BA.2.14,B.1.1.529.2,BA.2,Omicron,21
B.1.1.294,20B,B.1.1.294,B.1.1.294,NULL,NULL,208
B.1.36.31,20A,B.1.36.31,B.1.36.31,NULL,NULL,45
B.1.1.305,20B,B.1.1.305,B.1.1.305,NULL,NULL,6
B.1.617.2,21J (Delta),AY.118,B.1.617.2,Delta,Delta,12
BA.2.2,21L (Omicron),BA.2,B.1.1.529.2.2,BA.2,Omicron,3
B.1.617.2,21J (Delta),AY.1,B.1.617.2,Delta,Delta,2
B.1.36,20A,B.1.36.20,B.1.36,NULL,NULL,3
XV,recombinant,XV,XV,NULL,NULL,19
AY.47,21I (Delta),AY.47,B.1.617.2.47,Delta,Delta,7
B.1.1,20B,B.1.1.204,B.1.1,NULL,NULL,9
XE,recombinant,BA.2,XE,NULL,NULL,8
AY.5,21J (Delta),B.1.617.2,B.1.617.2.5,Delta,Delta,1
C.37,21G (Lambda),C.37,B.1.1.1.37,NULL,NULL,2
AY.46.6,21J (Delta),AY.46.6,B.1.617.2.46.6,Delta,Delta,2113
B.1.617.1,21B (Kappa),B.1.617.1,B.1.617.1,NULL,NULL,28
AY.36,21J (Delta),AY.36,B.1.617.2.36,Delta,Delta,2434
BA.2.3,21L (Omicron),BA.2.3,B.1.1.529.2.3,BA.2,Omicron,104
B.1,20A,B.1.466,B.1,NULL,NULL,2
B.1.617.2,21A (Delta),AY.7.1,B.1.617.2,Delta,Delta,1
B.1.222,20A,B.1,B.1.222,NULL,NULL,5
AY.126,21J (Delta),AY.122,B.1.617.2.126,Delta,Delta,1
B.1.617.2,21J (Delta),AY.95,B.1.617.2,Delta,Delta,1
B.1.177,20E (EU1),B.1.177.64,B.1.177,NULL,NULL,1
B.1,20C,B.1.595,B.1,NULL,NULL,2
B.1.617,20A,B.1,B.1.617,NULL,NULL,1
B.1.427,21C (Epsilon),B.1.427,B.1.427,NULL,NULL,13
AY.36.1,21J (Delta),AY.36.1,B.1.617.2.36.1,Delta,Delta,365
AY.98,21J (Delta),AY.43,B.1.617.2.98,Delta,Delta,1
B.1.177,20E (EU1),B.1.177,B.1.177,NULL,NULL,1618
B.1.617.2,21A (Delta),AY.120.2.1,B.1.617.2,Delta,Delta,1
BA.1.9,21K (Omicron),BA.1.17.2,B.1.1.529.1.9,BA.1,Omicron,5
B.1.1.1,20D,C.16,B.1.1.1,NULL,NULL,1
B.1.1.529,21M (Omicron),BA.1.15,B.1.1.529,Omicron,Omicron,2
XAB,recombinant,BA.2,XAB,NULL,NULL,25
B.1.177,20E (EU1),B.1.177.42,B.1.177,NULL,NULL,47
BA.1.9,21K (Omicron),BA.1.21,B.1.1.529.1.9,BA.1,Omicron,8
B.1.222,20A,B.1.258.11,B.1.222,NULL,NULL,5
B.1.160,20A,B.1.160.7,B.1.160,NULL,NULL,1
B.1.617.2,21A (Delta),AY.4.3,B.1.617.2,Delta,Delta,1
B.1.36,20A,B.1.36.8,B.1.36,NULL,NULL,1
B.1.621.1,21H (Mu),B.1.621.1,B.1.621.1,NULL,NULL,4
AY.78,21J (Delta),AY.78,B.1.617.2.78,Delta,Delta,23
AY.1,21J (Delta),AY.1,B.1.617.2.1,Delta,Delta,11
AY.9,21I (Delta),AY.9.2.2,B.1.617.2.9,Delta,Delta,1
B.1.1.326,20B,B.1.1.326,B.1.1.326,NULL,NULL,1
AY.4.15,21J (Delta),AY.4,B.1.617.2.4.15,Delta,Delta,142
BA.1.18,21K (Omicron),BA.1.18,B.1.1.529.1.18,BA.1,Omicron,649
B.1.36.35,20A,B.1.36.35,B.1.36.35,NULL,NULL,11
B.1,20A,B.1.408,B.1,NULL,NULL,8
AY.102,21J (Delta),AY.102,B.1.617.2.102,Delta,Delta,2
B.1.146,20A,B.1.146,B.1.146,NULL,NULL,12
BA.2.14,21L (Omicron),BA.2.14,B.1.1.529.2.14,BA.2,Omicron,275
B.1.617.2,21A (Delta),AY.4.7,B.1.617.2,Delta,Delta,3
BA.1.1,21K (Omicron),BA.1.1.15,B.1.1.529.1.1,BA.1,Omicron,15
XZ,recombinant,BA.2,XZ,NULL,NULL,118
B.1.177.44,20E (EU1),B.1.177.44,B.1.177.44,NULL,NULL,8
BA.2.80,21L (Omicron),BA.2,B.1.1.529.2.80,BA.2,Omicron,4
BC.2,21K (Omicron),BA.1.1.1,B.1.1.529.1.1.1.2,BA.1,Omicron,1
B.1.527,20A,B.1,B.1.527,NULL,NULL,1
B.1.617.2,21J (Delta),AY.5.4,B.1.617.2,Delta,Delta,1
XG,recombinant,BA.2,XG,NULL,NULL,4
B.1,20A,B.1.617.2,B.1,NULL,NULL,55
B.1.160.16,20A,AB.1,B.1.160.16,NULL,NULL,149
AY.75,21I (Delta),AY.75,B.1.617.2.75,Delta,Delta,187
AY.45,21J (Delta),AY.45,B.1.617.2.45,Delta,Delta,37
BA.1.22,21K (Omicron),BA.1,B.1.1.529.1.22,BA.1,Omicron,6
B.1.617.2,21A (Delta),AY.16,B.1.617.2,Delta,Delta,2
B.1.1.37,20B,B.1.1.37,B.1.1.37,NULL,NULL,3
B.1.1.70,20B,B.1.177,B.1.1.70,Alpha,Alpha,2
AY.16.1,21A (Delta),AY.16.1,B.1.617.2.16.1,Delta,Delta,1
B.1.177,20E (EU1),B.1.177.56,B.1.177,NULL,NULL,2
B.1,20C,B.1.372,B.1,NULL,NULL,9
B.1.1,20B,B.1.1.288,B.1.1,NULL,NULL,259
AY.43.8,21J (Delta),AY.43,B.1.617.2.43.8,Delta,Delta,15
BA.1.21,21K (Omicron),BA.1,B.1.1.529.1.21,BA.1,Omicron,6
B.1.617.2,21A (Delta),AY.9,B.1.617.2,Delta,Delta,4
B.1.160.16,20A,B.1.160.16,B.1.160.16,NULL,NULL,1
B.1.1.39,20B,AQ.2,B.1.1.39,NULL,NULL,8
B.1.617.2,21A (Delta),B.1.617.2,B.1.617.2,Delta,Delta,1261
AY.99.2,21J (Delta),AY.99.2,B.1.617.2.99.2,Delta,Delta,7
AY.43.3,21J (Delta),AY.43,B.1.617.2.43.3,Delta,Delta,1
BA.2.23,21L (Omicron),BA.2.36,B.1.1.529.2.23,BA.2,Omicron,1
BA.2,21L (Omicron),BA.2.51,B.1.1.529.2,BA.2,Omicron,4
AY.109,21J (Delta),AY.109,B.1.617.2.109,Delta,Delta,6
B.1.617.2,21J (Delta),AY.94,B.1.617.2,Delta,Delta,3
B.1.1.348,20B,B.1.1,B.1.1.348,NULL,NULL,55
B.1.1.351,20B,B.1.1.351,B.1.1.351,NULL,NULL,26
AY.4.7,21J (Delta),AY.4.7,B.1.617.2.4.7,Delta,Delta,409
B.1.617.2,21A (Delta),AY.94,B.1.617.2,Delta,Delta,1
AY.4,21J (Delta),B.1.617.2,B.1.617.2.4,Delta,Delta,1
B.1.1.189,20B,B.1.1.189,B.1.1.189,NULL,NULL,60
AY.85,21J (Delta),AY.85,B.1.617.2.85,Delta,Delta,11
B.1.617.2,21J (Delta),AY.7,B.1.617.2,Delta,Delta,3
B.1.1,20B,B.1,B.1.1,NULL,NULL,2
B.1.1.529,21M (Omicron),BA.1.17,B.1.1.529,Omicron,Omicron,5
B.1.1.192,20B,B.1.1,B.1.1.192,NULL,NULL,1
AY.82,21J (Delta),AY.82,B.1.617.2.82,Delta,Delta,1
B.1,20A,B.1.525,B.1,NULL,NULL,2
BA.1,21K (Omicron),B.1.1,B.1.1.529.1,BA.1,Omicron,19
AY.4,21J (Delta),AY.4.6,B.1.617.2.4,Delta,Delta,31
B.1.111,20A,B.1.111,B.1.111,NULL,NULL,3
B.1.617.2,21J (Delta),AY.111,B.1.617.2,Delta,Delta,7
B.1.1.232,20B,B.1.1.232,B.1.1.232,NULL,NULL,2
B.1.617.2,21J (Delta),AY.43,B.1.617.2,Delta,Delta,269
B.1,20A,AY.36,B.1,NULL,NULL,2
BA.1.1.4,21K (Omicron),BA.1.1,B.1.1.529.1.1.4,BA.1,Omicron,1
AY.4,21J (Delta),AY.4.5,B.1.617.2.4,Delta,Delta,9
AY.5.5,21J (Delta),AY.5.5,B.1.617.2.5.5,Delta,Delta,48
AY.23.2,21J (Delta),AY.23.2,B.1.617.2.23.2,Delta,Delta,31
A.23.1,19B,A.23.1,A.23.1,NULL,NULL,10
BA.2.9.2,21L (Omicron),BA.2.9,B.1.1.529.2.9.2,BA.2,Omicron,2
B.1.177.60,20E (EU1),B.1.177.60,B.1.177.60,NULL,NULL,867
B.1.1.1,20D,C.20,B.1.1.1,NULL,NULL,1
BA.1.17,21K (Omicron),BA.1.17.2,B.1.1.529.1.17,BA.1,Omicron,309
B.1.177.35,20E (EU1),B.1.177.42,B.1.177.35,NULL,NULL,1205
AY.124.1,21J (Delta),AY.124.1,B.1.617.2.124.1,Delta,Delta,75
B.1.177.32,20E (EU1),B.1.177.32,B.1.177.32,NULL,NULL,15
B.1.177.75,20E (EU1),B.1.177.75,B.1.177.75,NULL,NULL,6
BA.2,21L (Omicron),BA.2.65,B.1.1.529.2,BA.2,Omicron,1
B.1,20A,B.1.1.377,B.1,NULL,NULL,33
AY.43,21J (Delta),AY.43.4,B.1.617.2.43,Delta,Delta,1
B.1.617.2,21A (Delta),AY.9.2,B.1.617.2,Delta,Delta,8
BA.1.15,21K (Omicron),BA.1,B.1.1.529.1.15,BA.1,Omicron,2
B,19A,B,B,NULL,NULL,59
B.1,20A,B.1.177.35,B.1,NULL,NULL,2
BA.1,21K (Omicron),BA.2,B.1.1.529.1,BA.1,Omicron,1
BA.2.65,21L (Omicron),BA.2.65,B.1.1.529.2.65,BA.2,Omicron,107
BA.2.56,21L (Omicron),BA.2,B.1.1.529.2.56,BA.2,Omicron,25
B.1.1.371,20B,B.1.1,B.1.1.371,NULL,NULL,2
B.1.222,20A,B.1.258,B.1.222,NULL,NULL,4
B.1.1.485,20B,B.1.1.485,B.1.1.485,NULL,NULL,3
BA.2.14,21L (Omicron),BA.2,B.1.1.529.2.14,BA.2,Omicron,1
B.1.617.2,21J (Delta),AY.125,B.1.617.2,Delta,Delta,50
NULL,NULL,BA.2,NULL,NULL,NULL,2
B.1.177,20E (EU1),B.1.177.35,B.1.177,NULL,NULL,21
B.1.1.1,20D,C.18,B.1.1.1,NULL,NULL,1
BA.1.9,21K (Omicron),BA.1.13,B.1.1.529.1.9,BA.1,Omicron,1
BA.2.3.15,21L (Omicron),BA.2.3.15,B.1.1.529.2.3.15,BA.2,Omicron,1
B.1.1.274,20B,B.1.1,B.1.1.274,NULL,NULL,17
BA.3,21M (Omicron),BA.3.1,B.1.1.529.3,Omicron,Omicron,2
A.28,19B,A.28,A.28,NULL,NULL,9
AY.57,21I (Delta),AY.57,B.1.617.2.57,Delta,Delta,6
AY.25,21J (Delta),AY.25.1,B.1.617.2.25,Delta,Delta,2
B.1.1.1,20D,C.30.1,B.1.1.1,NULL,NULL,286
B.1.617.2,21J (Delta),AY.122,B.1.617.2,Delta,Delta,257
BA.1.19,21K (Omicron),BA.1,B.1.1.529.1.19,BA.1,Omicron,3
B.1.575.1,20C,B.1.575.1,B.1.575.1,NULL,NULL,4
XM,recombinant,B.1.1.529,XM,NULL,NULL,1
B.1.214.2,20A,B.1,B.1.214.2,NULL,NULL,1
BA.3,21M (Omicron),BA.3,B.1.1.529.3,Omicron,Omicron,6
AY.7.2,21J (Delta),AY.7.2,B.1.617.2.7.2,Delta,Delta,140
B.1.617.2,21J (Delta),AY.5,B.1.617.2,Delta,Delta,24
B.1.1.10,20B,B.1.1.10,B.1.1.10,NULL,NULL,1
AY.120.2,21J (Delta),AY.120.2,B.1.617.2.120.2,Delta,Delta,1
BA.1,21K (Omicron),BA.1.13,B.1.1.529.1,BA.1,Omicron,4
B.1.36,20A,B.1.36.25,B.1.36,NULL,NULL,588
AY.124.1,21J (Delta),AY.124.1.1,B.1.617.2.124.1,Delta,Delta,9
BA.3.1,21M (Omicron),BA.3.1,B.1.1.529.3.1,Omicron,Omicron,11
BA.1.7,21K (Omicron),BA.1.21,B.1.1.529.1.7,BA.1,Omicron,2
B.1.177,20E (EU1),B.1.177.50,B.1.177,NULL,NULL,2
BA.2.31,21L (Omicron),BA.2,B.1.1.529.2.31,BA.2,Omicron,7
C.16,20D,C.16,B.1.1.1.16,NULL,NULL,33
AY.13,21A (Delta),AY.13,B.1.617.2.13,Delta,Delta,7
AY.124,21J (Delta),B.1.617.2,B.1.617.2.124,Delta,Delta,1
B.1.1.141,20B,B.1.1.141,B.1.1.141,NULL,NULL,3
BA.1.15.1,21K (Omicron),BA.1.15,B.1.1.529.1.15.1,BA.1,Omicron,3
B.1.1.44,20B,B.1.1.44,B.1.1.44,NULL,NULL,12
B.1.1.39,20B,B.1.1.39,B.1.1.39,NULL,NULL,40
AY.119,21J (Delta),AY.119,B.1.617.2.119,Delta,Delta,68
AY.34,21J (Delta),AY.34,B.1.617.2.34,Delta,Delta,282
B.1.1.529,21M (Omicron),B.1.1.529,B.1.1.529,Omicron,Omicron,40
C.36.3,20D,C.17,B.1.1.1.36.3,NULL,NULL,17
BA.1.1,21K (Omicron),BA.1.1.16,B.1.1.529.1.1,BA.1,Omicron,2
B.1,20A,B.1.1.70,B.1,NULL,NULL,5
B.1,20C,B.1.118,B.1,NULL,NULL,1
AY.43,21J (Delta),B.1.1,B.1.617.2.43,Delta,Delta,1
BA.2.40.1,21L (Omicron),BA.2.40.1,B.1.1.529.2.40.1,BA.2,Omicron,1
B.1,20A,B.1.406,B.1,NULL,NULL,37
AY.4.15,21J (Delta),AY.4.15,B.1.617.2.4.15,Delta,Delta,1621
B.1.1.7,20I (Alpha; V1),Q.4,B.1.1.7,Alpha,Alpha,66
C.1.2,20D,C.1.2,B.1.1.1.1.2,NULL,NULL,2
AY.98.1,21J (Delta),AY.98.1,B.1.617.2.98.1,Delta,Delta,2343
AY.4.3,21J (Delta),AY.4.3,B.1.617.2.4.3,Delta,Delta,68
B.1.177.60,20E (EU1),B.1.177,B.1.177.60,NULL,NULL,4
AY.4,21J (Delta),AY.4.2.3,B.1.617.2.4,Delta,Delta,3
BA.2,21L (Omicron),BA.2.45,B.1.1.529.2,BA.2,Omicron,2
B.1.1.391,20B,B.1.1.288,B.1.1.391,NULL,NULL,5
B.1.1,20B,B.1.1.27,B.1.1,NULL,NULL,1
B.1,20A,B.1,B.1,NULL,NULL,1959
B.1.234,20A,B.1.234,B.1.234,NULL,NULL,8
B.1,20A,B.1.1.168,B.1,NULL,NULL,1
AY.108,21J (Delta),AY.108,B.1.617.2.108,Delta,Delta,153
BA.1.1.14,21K (Omicron),BA.1.1.14,B.1.1.529.1.1.14,BA.1,Omicron,65
XM,recombinant,XM,XM,NULL,NULL,2
BA.2.5,21L (Omicron),BA.2,B.1.1.529.2.5,BA.2,Omicron,1
B.1.617,20A,B.1.1,B.1.617,NULL,NULL,1
P.1.15,20J (Gamma; V3),P.1.15,B.1.1.28.1.15,Gamma,Gamma,10
BA.2,21L (Omicron),BA.2.3,B.1.1.529.2,BA.2,Omicron,5
XN,recombinant,BA.2,XN,NULL,NULL,4
B.1.617.2,21J (Delta),AY.134,B.1.617.2,Delta,Delta,6
B.1,20A,B.1.36.8,B.1,NULL,NULL,1
B.1,20C,B.1.498,B.1,NULL,NULL,5
B.1.1.198,20B,B.1.1,B.1.1.198,NULL,NULL,2
BA.1.9,21K (Omicron),BA.1,B.1.1.529.1.9,BA.1,Omicron,407
B.1,20A,D.5,B.1,NULL,NULL,3
AY.10,21I (Delta),AY.10,B.1.617.2.10,Delta,Delta,2
BA.2.23,21L (Omicron),BA.2,B.1.1.529.2.23,BA.2,Omicron,149
B.1.1.521,20B,B.1.1.521,B.1.1.521,NULL,NULL,12
AY.71,21I (Delta),AY.71,B.1.617.2.71,Delta,Delta,5
B.1.214,20A,B.1,B.1.214,NULL,NULL,4
BA.2,21L (Omicron),BA.2.22,B.1.1.529.2,BA.2,Omicron,1
B.1.1.117,20B,B.1.1,B.1.1.117,NULL,NULL,1
B.1.617.2,21J (Delta),AY.6,B.1.617.2,Delta,Delta,6
B.1,20C,B.1,B.1,NULL,NULL,15
AY.121.1,21J (Delta),AY.121.1,B.1.617.2.121.1,Delta,Delta,445
B.1.416,20A,B.1.416,B.1.416,NULL,NULL,1
B.1.617.2,21A (Delta),AY.52,B.1.617.2,Delta,Delta,1
AY.98.1.1,21J (Delta),AY.98.1.1,B.1.617.2.98.1.1,Delta,Delta,118
B.1.258,20A,B.1.258.15,B.1.258,NULL,NULL,132
B.1.36.8,20A,B.1.36.8,B.1.36.8,NULL,NULL,92
B.1.1.529,21M (Omicron),BA.1.1,B.1.1.529,Omicron,Omicron,19
B.1.617.2,21J (Delta),AY.98.1,B.1.617.2,Delta,Delta,4
AY.134,21J (Delta),B.1.617.2,B.1.617.2.134,Delta,Delta,226
BA.1.9,21K (Omicron),BA.1.17,B.1.1.529.1.9,BA.1,Omicron,6
BA.1.1,21K (Omicron),BA.1,B.1.1.529.1.1,BA.1,Omicron,21
B.1.617.2,21A (Delta),AY.125,B.1.617.2,Delta,Delta,1
BA.2.10.1,21L (Omicron),BA.2.10.1,B.1.1.529.2.10.1,BA.2,Omicron,9
BA.1.15.3,21K (Omicron),BA.1.15,B.1.1.529.1.15.3,BA.1,Omicron,2
B.1.1,20B,B.1.1.261,B.1.1,NULL,NULL,1
B.1.177,20E (EU1),B.1.177.76,B.1.177,NULL,NULL,648
B.1.177,20E (EU1),B.1.177.39,B.1.177,NULL,NULL,28
BA.1.16,21K (Omicron),BA.1.1,B.1.1.529.1.16,BA.1,Omicron,1
B.1,20A,B.1.177.60,B.1,NULL,NULL,1
AY.99,21J (Delta),AY.99,B.1.617.2.99,Delta,Delta,2
B.1.177,20E (EU1),B.1.177.11,B.1.177,NULL,NULL,1
B.1.177.77,20E (EU1),B.1.177.77,B.1.177.77,NULL,NULL,342
XM,recombinant,BA.2,XM,NULL,NULL,16
AY.80,21J (Delta),AY.80,B.1.617.2.80,Delta,Delta,1353
B.1.258,20A,B.1,B.1.258,NULL,NULL,124
B.1,20A,BA.2,B.1,NULL,NULL,11
BD.1,21K (Omicron),BD.1,B.1.1.529.1.17.2.1,BA.1,Omicron,5
AY.9,21I (Delta),AY.9.2,B.1.617.2.9,Delta,Delta,1
AY.121,21J (Delta),AY.121.1,B.1.617.2.121,Delta,Delta,1
AY.98,21J (Delta),AY.4,B.1.617.2.98,Delta,Delta,1
BA.1,21K (Omicron),BA.1.18,B.1.1.529.1,BA.1,Omicron,6
B.1.1.529,21M (Omicron),BA.1.17.2,B.1.1.529,Omicron,Omicron,7
AY.7.1,21J (Delta),AY.7.1,B.1.617.2.7.1,Delta,Delta,8877
B.1.1.70,20B,B.1.1.70,B.1.1.70,Alpha,Alpha,959
B.1.177,20E (EU1),B.1.177.70,B.1.177,NULL,NULL,230
BA.2.6,21L (Omicron),BA.2.9,B.1.1.529.2.6,BA.2,Omicron,2
B.1.1.203,20B,B.1.1.191,B.1.1.203,NULL,NULL,1
AY.127,21J (Delta),AY.127,B.1.617.2.127,Delta,Delta,3454
AY.43,21J (Delta),AY.43.3,B.1.617.2.43,Delta,Delta,12
B.1.36,20A,B.1.36.17,B.1.36,NULL,NULL,8
AY.120,21J (Delta),B.1.617.2,B.1.617.2.120,Delta,Delta,15
B.1.617,20A,AY.1,B.1.617,NULL,NULL,1
B.1.1.174,20B,B.1.1,B.1.1.174,NULL,NULL,2
B.1.565,20A,B.1.565,B.1.565,NULL,NULL,52
AD.2,20B,AD.1,B.1.1.315.2,NULL,NULL,406
AY.4,21J (Delta),AY.4.2,B.1.617.2.4,Delta,Delta,11
AY.34,21J (Delta),AY.34.1,B.1.617.2.34,Delta,Delta,4
P.1.17,20J (Gamma; V3),P.1.17,B.1.1.28.1.17,Gamma,Gamma,4
BA.2.5,21L (Omicron),BA.2.5,B.1.1.529.2.5,BA.2,Omicron,9
AY.4.9,21J (Delta),AY.4.9,B.1.617.2.4.9,Delta,Delta,38
B.1.1.397,20B,B.1.1.397,B.1.1.397,NULL,NULL,10
BA.2.9,21L (Omicron),BA.2.9.3,B.1.1.529.2.9,BA.2,Omicron,84
B.1.351.3,20H (Beta; V2),B.1.351.3,B.1.351.3,Beta,Beta,10
AY.91,21J (Delta),AY.91,B.1.617.2.91,Delta,Delta,5
B.1.1.529,21M (Omicron),BA.2,B.1.1.529,Omicron,Omicron,462
BA.2.47,21L (Omicron),BA.2.47,B.1.1.529.2.47,BA.2,Omicron,75
B.1.36.9,20A,B.1.36,B.1.36.9,NULL,NULL,16
B.1,20A,B.1.343,B.1,NULL,NULL,1
B.1.177.60,20E (EU1),U.2,B.1.177.60,NULL,NULL,120
BA.2,21L (Omicron),BA.2.56,B.1.1.529.2,BA.2,Omicron,3
AY.24,21I (Delta),AY.24,B.1.617.2.24,Delta,Delta,14
B.1,20A,AY.43.6,B.1,NULL,NULL,2
B.1.1,20B,B.1.1.189,B.1.1,NULL,NULL,2
B.1.617.2,21A (Delta),AY.70,B.1.617.2,Delta,Delta,1
AY.134,21J (Delta),AY.134,B.1.617.2.134,Delta,Delta,998
B.1.1.523,20B,B.1.1.523,B.1.1.523,NULL,NULL,8
AY.25,21J (Delta),AY.25,B.1.617.2.25,Delta,Delta,37
BA.2.65,21L (Omicron),BA.2,B.1.1.529.2.65,BA.2,Omicron,88
B.1.258,20A,B.1.258.19,B.1.258,NULL,NULL,181
B.1.1.243,20B,B.1.1.243,B.1.1.243,NULL,NULL,14
B.1.1,20B,B.1.1.430,B.1.1,NULL,NULL,2
B.1.617.2,21I (Delta),B.1.617.2,B.1.617.2,Delta,Delta,1655
XV,recombinant,B.1.1.529,XV,NULL,NULL,1
B.1.1.371,20B,B.1.1.153,B.1.1.371,NULL,NULL,3
AY.120.2,21J (Delta),AY.120.2.1,B.1.617.2.120.2,Delta,Delta,4
B.1.177,20E (EU1),B.1.177.51,B.1.177,NULL,NULL,6
B.1.1.117,20B,B.1.1.58,B.1.1.117,NULL,NULL,2
AY.58,21I (Delta),AY.58,B.1.617.2.58,Delta,Delta,17
B.1.177,20E (EU1),B.1.177.46,B.1.177,NULL,NULL,1
AY.74,21I (Delta),AY.74,B.1.617.2.74,Delta,Delta,1
B.1.179,20A,B.1.213,B.1.179,NULL,NULL,1
AY.34.2,21J (Delta),AY.34.2,B.1.617.2.34.2,Delta,Delta,4
B.1.258.3,20A,B.1,B.1.258.3,NULL,NULL,156
B.1.617.2,21A (Delta),AY.43,B.1.617.2,Delta,Delta,3
B.1.177,20E (EU1),B.1.177.12,B.1.177,NULL,NULL,77
AY.120.2.1,21J (Delta),AY.120,B.1.617.2.120.2.1,Delta,Delta,146
BA.2,21L (Omicron),BA.2.25,B.1.1.529.2,BA.2,Omicron,13
B.1.1,20B,B.1.1.272,B.1.1,NULL,NULL,164
B.1.177.81,20E (EU1),B.1.177.81,B.1.177.81,NULL,NULL,289
B.1,20A,BA.1,B.1,NULL,NULL,24
B.1.617.2,21J (Delta),AY.120,B.1.617.2,Delta,Delta,9
B.1.351.5,20H (Beta; V2),B.1.351.5,B.1.351.5,Beta,Beta,3
B.1.525,21D (Eta),B.1.525,B.1.525,Eta,Eta,821
AY.25,21J (Delta),AY.25.3,B.1.617.2.25,Delta,Delta,1
B.1,20A,B.1.36.31,B.1,NULL,NULL,1
B.1.499,20C,B.1.499,B.1.499,NULL,NULL,2
BA.1.15.1,21K (Omicron),BA.1,B.1.1.529.1.15.1,BA.1,Omicron,1
B.1,20A,B.1.1.277,B.1,NULL,NULL,1
B.1.617.2,21J (Delta),AY.33,B.1.617.2,Delta,Delta,43
AY.42,21J (Delta),AY.42,B.1.617.2.42,Delta,Delta,2068
B.1.1.529,21M (Omicron),BA.1,B.1.1.529,Omicron,Omicron,58
B.1.9,20A,B.1.9.5,B.1.9,NULL,NULL,12
BA.1,21K (Omicron),BA.1.20,B.1.1.529.1,BA.1,Omicron,1
B.1.617.2,21I (Delta),AY.9,B.1.617.2,Delta,Delta,2
XD,recombinant,XD,XD,NULL,NULL,16
AY.124,21J (Delta),AY.124,B.1.617.2.124,Delta,Delta,400
BA.1,21K (Omicron),BA.1.14.2,B.1.1.529.1,BA.1,Omicron,5
BA.1,21K (Omicron),BA.1.1.1,B.1.1.529.1,BA.1,Omicron,30
B.1,20A,B.1.177,B.1,NULL,NULL,9
BA.1.10,21K (Omicron),BA.1.18,B.1.1.529.1.10,BA.1,Omicron,63
B.1.469,20A,B.1.469,B.1.469,NULL,NULL,26
BA.1.13.1,21K (Omicron),BA.1.13.1,B.1.1.529.1.13.1,BA.1,Omicron,1
XAF,recombinant,BA.2,XAF,NULL,NULL,8
B.1.441,20A,B.1.441,B.1.441,NULL,NULL,3
BA.1.1.11,21K (Omicron),BA.1.1.11,B.1.1.529.1.1.11,BA.1,Omicron,41
B.1.1.529,21M (Omicron),BA.2.9,B.1.1.529,Omicron,Omicron,3
B.1.1.301,20B,B.1.1.301,B.1.1.301,NULL,NULL,1
B.1.617.2,21J (Delta),AY.121.1,B.1.617.2,Delta,Delta,1
AY.2,21I (Delta),AY.2,B.1.617.2.2,Delta,Delta,2
B.1.1,20B,B.1.1.70,B.1.1,NULL,NULL,1
AY.34.1,21J (Delta),AY.34.1,B.1.617.2.34.1,Delta,Delta,161
C.35,20D,C.35,B.1.1.1.35,NULL,NULL,127
BA.1.17.2,21K (Omicron),BA.1.17,B.1.1.529.1.17.2,BA.1,Omicron,2
B.1.617.2,21I (Delta),AY.72,B.1.617.2,Delta,Delta,1
B.1,20A,B.1.258.19,B.1,NULL,NULL,1
B.1,20A,BA.2.9,B.1,NULL,NULL,1
BA.2.7,21L (Omicron),BA.2,B.1.1.529.2.7,BA.2,Omicron,3
B.1.177.7,20E (EU1),B.1.177.7,B.1.177.7,NULL,NULL,3
B.1.468,20A,B.1.36.20,B.1.468,NULL,NULL,1
B.1.617.2,21A (Delta),AY.60,B.1.617.2,Delta,Delta,1
BA.1,21K (Omicron),BA.1.9,B.1.1.529.1,BA.1,Omicron,1
B.1.468,20A,B.1.36.25,B.1.468,NULL,NULL,8
B.1.617.2,21J (Delta),AY.4,B.1.617.2,Delta,Delta,2841
B.1.1,20B,D.5,B.1.1,NULL,NULL,79
AY.98,21J (Delta),AY.98,B.1.617.2.98,Delta,Delta,307
B.1.177,20E (EU1),B.1.177.40,B.1.177,NULL,NULL,25
BA.2,21L (Omicron),BA.2.49,B.1.1.529.2,BA.2,Omicron,1
AY.8,21A (Delta),AY.8,B.1.617.2.8,Delta,Delta,1
B.1.617.2,21J (Delta),AY.25,B.1.617.2,Delta,Delta,1
B.1.177.15,20E (EU1),AA.1,B.1.177.15,NULL,NULL,1
AY.25.1,21J (Delta),AY.25.1,B.1.617.2.25.1,Delta,Delta,74
AY.110,21J (Delta),B.1.617.2,B.1.617.2.110,Delta,Delta,3
B.1.617.2,21I (Delta),AY.55,B.1.617.2,Delta,Delta,1
B.1.617.2,21J (Delta),AY.4.10,B.1.617.2,Delta,Delta,2
BA.1.13,21K (Omicron),BA.1.13,B.1.1.529.1.13,BA.1,Omicron,148
BA.1.18,21K (Omicron),BA.1.17.2,B.1.1.529.1.18,BA.1,Omicron,3
B.1.160,20A,B.1.160.24,B.1.160,NULL,NULL,256
B.1,20A,B.1.1.7,B.1,NULL,NULL,13
BA.1.24,21K (Omicron),BA.1,B.1.1.529.1.24,BA.1,Omicron,2
B.1.525,21D (Eta),B.1,B.1.525,Eta,Eta,4
B.1.1.153,20B,B.1,B.1.1.153,NULL,NULL,1
B.1.617.2,21J (Delta),B.1.1,B.1.617.2,Delta,Delta,1
B.1.1.354,20B,B.1.1.354,B.1.1.354,NULL,NULL,2
B.1.1,20B,B.1.534,B.1.1,NULL,NULL,97
AY.54,21A (Delta),AY.54,B.1.617.2.54,Delta,Delta,12
Q.1,20I (Alpha; V1),B.1.1,B.1.1.7.1,Alpha,Alpha,1
B.1.596,20A,B.1.2,B.1.596,NULL,NULL,1
B.1.617.2,21J (Delta),AY.120.2.1,B.1.617.2,Delta,Delta,1
AY.43.3,21J (Delta),AY.43.3,B.1.617.2.43.3,Delta,Delta,160
B.1.617.2,21J (Delta),AY.4.4,B.1.617.2,Delta,Delta,1
B.1.1.277,20B,B.1,B.1.1.277,NULL,NULL,4
B.1.617.2,21A (Delta),AY.46,B.1.617.2,Delta,Delta,1
B.1.258,20A,B.1.258.16,B.1.258,NULL,NULL,767
AY.46,21J (Delta),AY.46,B.1.617.2.46,Delta,Delta,2960
BA.1.10,21K (Omicron),BA.1.10,B.1.1.529.1.10,BA.1,Omicron,13
B.1.177,20E (EU1),B.1.177.81,B.1.177,NULL,NULL,1
AY.122.4,21J (Delta),AY.122.4,B.1.617.2.122.4,Delta,Delta,2
B.1.1.174,20B,B.1.1.277,B.1.1.174,NULL,NULL,12
B.1.177,20E (EU1),B.1.177.41,B.1.177,NULL,NULL,208
B.1.1.371,20B,B.1.1.371,B.1.1.371,NULL,NULL,6
C.37.1,21G (Lambda),C.37.1,B.1.1.1.37.1,NULL,NULL,11
B.1.1,20B,B.1.1.347,B.1.1,NULL,NULL,2
B.1.617.2,21J (Delta),AY.106,B.1.617.2,Delta,Delta,4
AY.4.10,21J (Delta),AY.4.10,B.1.617.2.4.10,Delta,Delta,1232
B.1.558,20A,B.1,B.1.558,NULL,NULL,30
BA.2,21L (Omicron),BA.2.47,B.1.1.529.2,BA.2,Omicron,2
B.1,20A,B.1.389,B.1,NULL,NULL,1
B.1.416.1,20A,B.1.416.1,B.1.416.1,NULL,NULL,4
B.1.1.433,20B,B.1,B.1.1.433,NULL,NULL,1
AY.43.9,21J (Delta),AY.43.9,B.1.617.2.43.9,Delta,Delta,29
AY.4.5,21J (Delta),AY.4.5,B.1.617.2.4.5,Delta,Delta,1517
P.2,20B,P.2,B.1.1.28.2,Gamma,Gamma,25
B.1.1.7,20I (Alpha; V1),B.1.1.7,B.1.1.7,Alpha,Alpha,84851
BA.1.1,21K (Omicron),BA.1.1.1,B.1.1.529.1.1,BA.1,Omicron,24
BA.1.14,21K (Omicron),BA.1,B.1.1.529.1.14,BA.1,Omicron,3
AY.73,21I (Delta),AY.73,B.1.617.2.73,Delta,Delta,64
AY.9.2,21I (Delta),AY.9,B.1.617.2.9.2,Delta,Delta,3
B.1.617,20A,AY.43,B.1.617,NULL,NULL,1
AY.105,21J (Delta),B.1.617.2,B.1.617.2.105,Delta,Delta,7
B.1,20A,B.1.160.8,B.1,NULL,NULL,1
B.1,20A,B.1.1.272,B.1,NULL,NULL,1
BA.2.9,21L (Omicron),BA.2.3,B.1.1.529.2.9,BA.2,Omicron,1
B.1.177.57,20E (EU1),B.1.177.57,B.1.177.57,NULL,NULL,2
B.1.1,20B,BA.1,B.1.1,NULL,NULL,8
B.1.471,20A,B.1.471,B.1.471,NULL,NULL,21
BA.2.7,21L (Omicron),BA.2.9,B.1.1.529.2.7,BA.2,Omicron,2
AY.122.1,21J (Delta),AY.122.1,B.1.617.2.122.1,Delta,Delta,11
B.1.617.2,21J (Delta),AY.122.3,B.1.617.2,Delta,Delta,5
BA.2.3,21L (Omicron),BA.2.3.2,B.1.1.529.2.3,BA.2,Omicron,1
B.1.177.46,20E (EU1),B.1.1,B.1.177.46,NULL,NULL,2
AY.106,21J (Delta),AY.106,B.1.617.2.106,Delta,Delta,228
B.1.160,20A,B.1.160.8,B.1.160,NULL,NULL,921
B.1.9,20A,B.1.9.4,B.1.9,NULL,NULL,3
BA.2.56,21L (Omicron),BA.2.56,B.1.1.529.2.56,BA.2,Omicron,1
B.1,20A,B.1.1.529,B.1,NULL,NULL,6
BA.2,21L (Omicron),BA.2.23,B.1.1.529.2,BA.2,Omicron,1
AY.4,21J (Delta),AY.4.14,B.1.617.2.4,Delta,Delta,4
B.1,20A,B.1.1.425,B.1,NULL,NULL,1
AY.4.4,21J (Delta),AY.4.4,B.1.617.2.4.4,Delta,Delta,237
B.1,20A,B.1.179,B.1,NULL,NULL,1
AY.122.3,21J (Delta),AY.122.3,B.1.617.2.122.3,Delta,Delta,1409
B.1.1,20B,B.1.1.1,B.1.1,NULL,NULL,1
AY.5.1,21J (Delta),AY.5.1,B.1.617.2.5.1,Delta,Delta,1
B.1.617.2,21A (Delta),AY.4,B.1.617.2,Delta,Delta,2
B.1.258.14,20A,B.1.258.14,B.1.258.14,NULL,NULL,5
AY.63,21I (Delta),AY.63,B.1.617.2.63,Delta,Delta,13
BA.2.6,21L (Omicron),BA.2.6,B.1.1.529.2.6,BA.2,Omicron,14
B.1.617.2,21J (Delta),AY.4.15,B.1.617.2,Delta,Delta,2
B.1.617.1,21B (Kappa),B.1.617,B.1.617.1,NULL,NULL,9
AY.72,21I (Delta),AY.72,B.1.617.2.72,Delta,Delta,225
B.1,20A,AY.46.6,B.1,NULL,NULL,1
B.1.240,20A,B.1.240,B.1.240,NULL,NULL,2
B.1.177.83,20E (EU1),B.1.177.83,B.1.177.83,NULL,NULL,3
AY.122,21J (Delta),AY.122,B.1.617.2.122,Delta,Delta,20262
AY.75.2,21I (Delta),AY.75.2,B.1.617.2.75.2,Delta,Delta,20
BA.2,21L (Omicron),BA.2.9.3,B.1.1.529.2,BA.2,Omicron,3
XG,recombinant,XG,XG,NULL,NULL,141
BA.2,21L (Omicron),BA.2.72,B.1.1.529.2,BA.2,Omicron,4
B.1.1.7,20I (Alpha; V1),B.1.1,B.1.1.7,Alpha,Alpha,65
B.1,20A,B.1.131,B.1,NULL,NULL,33
P.1,20J (Gamma; V3),P.1,B.1.1.28.1,Gamma,Gamma,68
AY.123,21J (Delta),AY.123,B.1.617.2.123,Delta,Delta,33
AY.4.8,21J (Delta),AY.4.8,B.1.617.2.4.8,Delta,Delta,17
B.1.1,20B,B.1.1.144,B.1.1,NULL,NULL,1
B.1.617.2,21J (Delta),AY.129,B.1.617.2,Delta,Delta,10
B.1.36.1,20A,B.1.36.1,B.1.36.1,NULL,NULL,32
B.1.527,20A,B.1.527,B.1.527,NULL,NULL,3
B.1,20A,C.30.1,B.1,NULL,NULL,5
BA.2.1,21L (Omicron),BA.2.1,B.1.1.529.2.1,BA.2,Omicron,7
BA.1,21K (Omicron),BA.1.14,B.1.1.529.1,BA.1,Omicron,91
Q.7,20I (Alpha; V1),Q.7,B.1.1.7.7,Alpha,Alpha,19
BA.1.16,21K (Omicron),BA.1.16,B.1.1.529.1.16,BA.1,Omicron,41
BA.1.9,21K (Omicron),BA.1.14,B.1.1.529.1.9,BA.1,Omicron,22
B.1.177.82,20E (EU1),B.1.177,B.1.177.82,NULL,NULL,4
B.1,20A,B.1.258.16,B.1,NULL,NULL,2
B.1.177,20E (EU1),B.1,B.1.177,NULL,NULL,58
BA.1.1.13,21K (Omicron),BA.1.1.13,B.1.1.529.1.1.13,BA.1,Omicron,9
AY.51,21A (Delta),AY.51,B.1.617.2.51,Delta,Delta,67
B.1.1,20B,B.1.1.7,B.1.1,NULL,NULL,3
B.1,20A,AY.4,B.1,NULL,NULL,4
B.1.617.2,21A (Delta),AY.98.1,B.1.617.2,Delta,Delta,1
AY.4.2,21J (Delta),AY.4.2.3,B.1.617.2.4.2,Delta,Delta,1
BA.2.25,21L (Omicron),BA.2.25,B.1.1.529.2.25,BA.2,Omicron,18
B.1.1.241,20B,B.1.1.241,B.1.1.241,NULL,NULL,19
AY.100,21J (Delta),AY.100,B.1.617.2.100,Delta,Delta,108
BA.1.1.10,21K (Omicron),BA.1.1.10,B.1.1.529.1.1.10,BA.1,Omicron,18
B.1.36.24,20A,B.1.36.24,B.1.36.24,NULL,NULL,12
AY.46,21J (Delta),AY.126,B.1.617.2.46,Delta,Delta,1
B.1.617.2,21J (Delta),BA.2,B.1.617.2,Delta,Delta,1
AY.43,21J (Delta),AY.43.9,B.1.617.2.43,Delta,Delta,1
B.1.177.21,20E (EU1),B.1.177.21,B.1.177.21,NULL,NULL,16161
BA.2.58,21L (Omicron),BA.2,B.1.1.529.2.58,BA.2,Omicron,32
XJ,recombinant,BA.2,XJ,NULL,NULL,5
BA.2.22,21L (Omicron),BA.2,B.1.1.529.2.22,BA.2,Omicron,326
A.21,19B,A.21,A.21,NULL,NULL,12
B.1.221,20A,B.1.221.3,B.1.221,NULL,NULL,1584
AY.61,21I (Delta),B.1.617.2,B.1.617.2.61,Delta,Delta,1
AY.43,21J (Delta),AY.4,B.1.617.2.43,Delta,Delta,2
BA.1.1.12,21K (Omicron),BA.1.1.12,B.1.1.529.1.1.12,BA.1,Omicron,2
AY.109,21J (Delta),B.1.617.2,B.1.617.2.109,Delta,Delta,3
AY.43.6,21J (Delta),AY.43.6,B.1.617.2.43.6,Delta,Delta,7719
BA.2.32,21L (Omicron),BA.2,B.1.1.529.2.32,BA.2,Omicron,3
R.1,20B,R.1,B.1.1.316.1,NULL,NULL,6
B.1.533,20B,B.1.1,B.1.533,NULL,NULL,1
AY.4,21J (Delta),AY.4.4,B.1.617.2.4,Delta,Delta,1
B.1.560,20A,B.1.1,B.1.560,NULL,NULL,1
AY.112,21J (Delta),AY.112,B.1.617.2.112,Delta,Delta,391
B.1.177.4,20E (EU1),B.1.177.4,B.1.177.4,NULL,NULL,10
B.1.236,20A,B.1.236,B.1.236,NULL,NULL,17
AY.129,21J (Delta),AY.129,B.1.617.2.129,Delta,Delta,3134
B.1.1.198,20B,B.1.1.198,B.1.1.198,NULL,NULL,3
B.1.1.525,20B,B.1.1.525,B.1.1.525,NULL,NULL,2
B.1.177,20E (EU1),B.1.177.27,B.1.177,NULL,NULL,168
AY.110,21J (Delta),AY.110,B.1.617.2.110,Delta,Delta,3
B.1.177.62,20E (EU1),B.1.177.62,B.1.177.62,NULL,NULL,1
B.1.177,20E (EU1),B.1.177.65,B.1.177,NULL,NULL,1
B.1.36.22,20A,B.1.36.22,B.1.36.22,NULL,NULL,7
AY.55,21I (Delta),AY.55,B.1.617.2.55,Delta,Delta,12
B.1.1.434,20B,B.1.1.434,B.1.1.434,NULL,NULL,2
BA.2.62,21L (Omicron),BA.2,B.1.1.529.2.62,BA.2,Omicron,3
B.1.429,21C (Epsilon),B.1.429,B.1.429,NULL,NULL,25
B.1,20A,B.1.221.3,B.1,NULL,NULL,7
B.1.617.2,21J (Delta),AY.46.6,B.1.617.2,Delta,Delta,13
BA.1.16.2,21K (Omicron),BA.1.16.2,B.1.1.529.1.16.2,BA.1,Omicron,2
B.1.617.2,21A (Delta),AY.14,B.1.617.2,Delta,Delta,1
B.1.91,20A,B.1,B.1.91,NULL,NULL,1
BA.2.51,21L (Omicron),BA.2.9,B.1.1.529.2.51,BA.2,Omicron,3
B.1.1,20B,B.1.1.229,B.1.1,NULL,NULL,1
B.1.177.81,20E (EU1),B.1.177.50,B.1.177.81,NULL,NULL,8
BA.2.1,21L (Omicron),BA.2,B.1.1.529.2.1,BA.2,Omicron,41
BA.1,21K (Omicron),BA.1.15,B.1.1.529.1,BA.1,Omicron,4
B.1.177.21,20E (EU1),B.1,B.1.177.21,NULL,NULL,10
AD.2,20B,AD.2,B.1.1.315.2,NULL,NULL,2
B.1.258,20A,B.1.258.9,B.1.258,NULL,NULL,240
A.2.5,19B,A.2.5,A.2.5,NULL,NULL,1
AY.127.1,21J (Delta),AY.127.1,B.1.617.2.127.1,Delta,Delta,5
AY.25.3,21J (Delta),AY.25.3,B.1.617.2.25.3,Delta,Delta,30
AY.57,21I (Delta),B.1.617.2,B.1.617.2.57,Delta,Delta,1
B.1.617.2,21A (Delta),AY.122,B.1.617.2,Delta,Delta,5
AY.43,21J (Delta),AY.43.6,B.1.617.2.43,Delta,Delta,76
B.1.617.2,21J (Delta),AY.4.7,B.1.617.2,Delta,Delta,4
B.1.1.372,20B,C.30.1,B.1.1.372,NULL,NULL,3
BA.2.9.2,21L (Omicron),BA.2.9.2,B.1.1.529.2.9.2,BA.2,Omicron,1
BA.2.22,21L (Omicron),BA.2.22,B.1.1.529.2.22,BA.2,Omicron,1
B.1.617.2,21J (Delta),AY.46,B.1.617.2,Delta,Delta,39
AY.87,21J (Delta),AY.87,B.1.617.2.87,Delta,Delta,5
AY.111,21J (Delta),AY.4,B.1.617.2.111,Delta,Delta,25
B.1.617.2,21J (Delta),AY.7.1,B.1.617.2,Delta,Delta,10
BA.1.1,21K (Omicron),BA.1.1.5,B.1.1.529.1.1,BA.1,Omicron,1
BA.1.14.2,21K (Omicron),BA.1.14.2,B.1.1.529.1.14.2,BA.1,Omicron,15
C.36.3,20D,C.36.3,B.1.1.1.36.3,NULL,NULL,27
B.1,20A,AY.122,B.1,NULL,NULL,4
C.2.1,20D,C.2,B.1.1.1.2.1,NULL,NULL,7
BA.1.1.6,21K (Omicron),BA.1.1.6,B.1.1.529.1.1.6,BA.1,Omicron,1
BD.1,21K (Omicron),BA.1.17.2,B.1.1.529.1.17.2.1,BA.1,Omicron,25
B.1,20A,B.1.127,B.1,NULL,NULL,895
B.1.177.21,20E (EU1),B.1.177.51,B.1.177.21,NULL,NULL,1
B.1.1,20B,B.1.1.315,B.1.1,NULL,NULL,1
BA.1.19,21K (Omicron),BA.1.1,B.1.1.529.1.19,BA.1,Omicron,1
B.1.575,20C,B.1.575,B.1.575,NULL,NULL,5
B.1.617.2,21J (Delta),AY.98,B.1.617.2,Delta,Delta,31
B.1.617,20A,AY.4.2,B.1.617,NULL,NULL,1
AY.4.1,21J (Delta),AY.4,B.1.617.2.4.1,Delta,Delta,1
B.1.1,20B,B.1.131,B.1.1,NULL,NULL,1
AY.70,21I (Delta),AY.70,B.1.617.2.70,Delta,Delta,460
AY.14,21A (Delta),AY.14,B.1.617.2.14,Delta,Delta,7
B.1.1,20B,B.1.1.346,B.1.1,NULL,NULL,36
B.1.1,20B,B.1.1.377,B.1.1,NULL,NULL,996
B.1.1.70,20B,AP.1,B.1.1.70,Alpha,Alpha,2
AY.65,21I (Delta),AY.65,B.1.617.2.65,Delta,Delta,64
B.1.617.2,21J (Delta),B.1.617.2,B.1.617.2,Delta,Delta,10896
B.1.389,20A,B.1,B.1.389,NULL,NULL,15
AY.127.1,21J (Delta),AY.127,B.1.617.2.127.1,Delta,Delta,1
B.1,20G,B.1.2,B.1,NULL,NULL,2
B.1.1.141,20B,B.1,B.1.1.141,NULL,NULL,2
XV,recombinant,BA.2,XV,NULL,NULL,5
B.1.160,20A,B.1.160.17,B.1.160,NULL,NULL,1044
B.1.1,20B,B.1.1.308,B.1.1,NULL,NULL,2
B.1.177,20E (EU1),B.1.177.33,B.1.177,NULL,NULL,3
BA.2.9,21L (Omicron),BA.2.9.5,B.1.1.529.2.9,BA.2,Omicron,946
B.1,20A,BA.1.17.2,B.1,NULL,NULL,1
BA.2.36,21L (Omicron),BA.2.9,B.1.1.529.2.36,BA.2,Omicron,1
BA.1.1.15,21K (Omicron),BA.1.1,B.1.1.529.1.1.15,BA.1,Omicron,1
B.1.258.11,20A,B.1.258.11,B.1.258.11,NULL,NULL,3350
B.1.160,20A,B.1.160,B.1.160,NULL,NULL,5010
BA.1.17.2,21K (Omicron),BA.1,B.1.1.529.1.17.2,BA.1,Omicron,8
BA.1,21K (Omicron),BA.1,B.1.1.529.1,BA.1,Omicron,29460
B.1,20A,B.1.258,B.1,NULL,NULL,12
B.1.1,20B,B.1.1.425,B.1.1,NULL,NULL,7
C.38,20D,C.38,B.1.1.1.38,NULL,NULL,1
B.1,20A,B.1.1.325,B.1,NULL,NULL,1
B.1.1.7,20I (Alpha; V1),Q.1,B.1.1.7,Alpha,Alpha,1
AY.4.2.3,21J (Delta),AY.4.2.3,B.1.617.2.4.2.3,Delta,Delta,447
B.1.617.2,21J (Delta),AY.80,B.1.617.2,Delta,Delta,9
BA.1.1,21K (Omicron),BA.1.1.2,B.1.1.529.1.1,BA.1,Omicron,3
AY.33,21J (Delta),AY.33,B.1.617.2.33,Delta,Delta,4846
B.1.398,20A,B.1.398,B.1.398,NULL,NULL,182
B.1,20A,B.1.177.12,B.1,NULL,NULL,7
AY.39,21J (Delta),AY.39,B.1.617.2.39,Delta,Delta,19
AY.68,21I (Delta),AY.68,B.1.617.2.68,Delta,Delta,349
B.1.617.2,21J (Delta),AY.39.1,B.1.617.2,Delta,Delta,1
XAB,recombinant,XG,XAB,NULL,NULL,2
BA.1.7,21K (Omicron),BA.1,B.1.1.529.1.7,BA.1,Omicron,5
Q.8,20I (Alpha; V1),Q.8,B.1.1.7.8,Alpha,Alpha,1
BA.1.16,21K (Omicron),BA.1,B.1.1.529.1.16,BA.1,Omicron,2
BA.2,21L (Omicron),BA.2.7,B.1.1.529.2,BA.2,Omicron,18
B.1,20A,B.1.258.11,B.1,NULL,NULL,8
B.1.1,20B,B.1.1.359,B.1.1,NULL,NULL,2
B.1,20A,B.1.164,B.1,NULL,NULL,1
B.1.1.44,20B,B.1.1,B.1.1.44,NULL,NULL,96
B.1.1,20B,B.1.1.429,B.1.1,NULL,NULL,3
AY.30,21A (Delta),AY.30,B.1.617.2.30,Delta,Delta,2
B.1.243,20A,B.1.243,B.1.243,NULL,NULL,2
B.1.617.2,21J (Delta),AY.4.2,B.1.617.2,Delta,Delta,9
B.1.232,20A,B.1,B.1.232,NULL,NULL,2
AY.4.2.5,21J (Delta),AY.4.2.5,B.1.617.2.4.2.5,Delta,Delta,1
BA.1,21K (Omicron),BA.1.7,B.1.1.529.1,BA.1,Omicron,9
BA.1.18,21K (Omicron),BA.1,B.1.1.529.1.18,BA.1,Omicron,3
B.1.177,20E (EU1),B.1.177.80,B.1.177,NULL,NULL,99
BA.1.20,21K (Omicron),BA.1.20,B.1.1.529.1.20,BA.1,Omicron,134
B.1.1,20B,B.1.1.219,B.1.1,NULL,NULL,151
B.1.468,20A,B.1,B.1.468,NULL,NULL,4
B.1.222,20A,B.1.258.16,B.1.222,NULL,NULL,1
B.1.1.298,20B,B.1,B.1.1.298,NULL,NULL,9
AZ.2,20B,AZ.2,B.1.1.318.2,NULL,NULL,5
BA.2.40,21L (Omicron),BA.2,B.1.1.529.2.40,BA.2,Omicron,1
AY.46,21J (Delta),AY.46.4,B.1.617.2.46,Delta,Delta,1
B.1.617.2,21J (Delta),AY.110,B.1.617.2,Delta,Delta,1
B.1.617.2,21J (Delta),AY.43.3,B.1.617.2,Delta,Delta,1
BA.2.71,21L (Omicron),BA.2.71,B.1.1.529.2.71,BA.2,Omicron,1
B.1.22,20A,B.1.22,B.1.22,NULL,NULL,3
Q.7,20I (Alpha; V1),B.1.1.7,B.1.1.7.7,Alpha,Alpha,1581
B.1,20A,B.1.221,B.1,NULL,NULL,14
B.1.617.2,21J (Delta),AY.42,B.1.617.2,Delta,Delta,40
B.1.177.82,20E (EU1),B.1.177.82,B.1.177.82,NULL,NULL,313
B.1.177,20E (EU1),B.1.177.43,B.1.177,NULL,NULL,1
BA.1.21,21K (Omicron),BA.1.21,B.1.1.529.1.21,BA.1,Omicron,401
B.1.1.25,20B,D.5,B.1.1.25,NULL,NULL,4
AY.120,21J (Delta),AY.120,B.1.617.2.120,Delta,Delta,152
B.1,20A,C.37,B.1,NULL,NULL,2
BA.2.51,21L (Omicron),BA.2,B.1.1.529.2.51,BA.2,Omicron,5
BA.1.12,21K (Omicron),BA.1.12,B.1.1.529.1.12,BA.1,Omicron,30
BA.1.1.4,21K (Omicron),BA.1.1.4,B.1.1.529.1.1.4,BA.1,Omicron,21
BA.2,21L (Omicron),BA.2.9,B.1.1.529.2,BA.2,Omicron,276
B.1.1.50,20B,B.1.1.50,B.1.1.50,NULL,NULL,10
B.1.1,20B,B.1.1.353,B.1.1,NULL,NULL,1
B.1.1.529,21M (Omicron),XM,B.1.1.529,Omicron,Omicron,1
AY.43.8,21J (Delta),AY.43.8,B.1.617.2.43.8,Delta,Delta,54
B.1.617.2,21J (Delta),AY.124,B.1.617.2,Delta,Delta,4
AY.113,21J (Delta),AY.113,B.1.617.2.113,Delta,Delta,12
B.1.1.117,20B,B.1.1.377,B.1.1.117,NULL,NULL,2
B.1.362,20C,B.1.362.2,B.1.362,NULL,NULL,14
AY.122.2,21J (Delta),AY.122.2,B.1.617.2.122.2,Delta,Delta,11
B.1.367,20C,B.1.367,B.1.367,NULL,NULL,45
B.1.617.2,21J (Delta),AY.116,B.1.617.2,Delta,Delta,39
AY.46.2,21J (Delta),AY.46.2,B.1.617.2.46.2,Delta,Delta,51
B.1.177,20E (EU1),B.1.1,B.1.177,NULL,NULL,3
B.1.617.2,21A (Delta),AY.121,B.1.617.2,Delta,Delta,1
AY.4.3,21J (Delta),AY.4,B.1.617.2.4.3,Delta,Delta,42
B.1.1.317,20B,B.1.1.317,B.1.1.317,NULL,NULL,24
B.1.468,20A,B.1.36,B.1.468,NULL,NULL,6
B.1.1.203,20B,B.1.1.428,B.1.1.203,NULL,NULL,5
A.2.5.1,19B,A.2.5,A.2.5.1,NULL,NULL,2
AY.36.1,21J (Delta),AY.36,B.1.617.2.36.1,Delta,Delta,1
B.1,20A,B.1.160,B.1,NULL,NULL,29
B.1,20A,B.1.36.33,B.1,NULL,NULL,5
B.1.177.53,20E (EU1),B.1.177.53,B.1.177.53,NULL,NULL,10
AY.4.6,21J (Delta),AY.4.6,B.1.617.2.4.6,Delta,Delta,14259
B.1.1.70,20B,B.1,B.1.1.70,Alpha,Alpha,1
B.1.617.2,21J (Delta),AY.4.2.2,B.1.617.2,Delta,Delta,1
BA.2,21L (Omicron),BA.2.81,B.1.1.529.2,BA.2,Omicron,1
B.1,20A,B.1.536,B.1,NULL,NULL,160
BA.1.17,21K (Omicron),BA.1.17,B.1.1.529.1.17,BA.1,Omicron,1164
AY.88,21J (Delta),AY.88,B.1.617.2.88,Delta,Delta,225
AY.16,21A (Delta),AY.16,B.1.617.2.16,Delta,Delta,206
AY.123.1,21J (Delta),AY.123.1,B.1.617.2.123.1,Delta,Delta,2
BA.1.17.2,21K (Omicron),BA.1.17.2,B.1.1.529.1.17.2,BA.1,Omicron,6078
B.1.1,20B,B.1.1.224,B.1.1,NULL,NULL,62
AY.46,21J (Delta),AY.46.6,B.1.617.2.46,Delta,Delta,14
XZ,recombinant,BA.2.9,XZ,NULL,NULL,14
B.1.1.432,20B,B.1.1.432,B.1.1.432,NULL,NULL,1
B.1.617.2,21I (Delta),AY.75,B.1.617.2,Delta,Delta,1
B.1,20A,B.1.1.100,B.1,NULL,NULL,3
B.1.222,20A,B.1.177.24,B.1.222,NULL,NULL,1
B.1.177.8,20E (EU1),B.1.177.8,B.1.177.8,NULL,NULL,9
BA.1.19,21K (Omicron),BA.1.19,B.1.1.529.1.19,BA.1,Omicron,1081
B.1.1,20B,B.1.1,B.1.1,NULL,NULL,626
B.1.36.22,20A,B.1.36,B.1.36.22,NULL,NULL,3
B.1.1.274,20B,B.1.1.298,B.1.1.274,NULL,NULL,1
B.1.258.3,20A,B.1.258.3,B.1.258.3,NULL,NULL,2
AY.33.2,21J (Delta),AY.33.2,B.1.617.2.33.2,Delta,Delta,19
B.1.1.298,20B,B.1.1.298,B.1.1.298,NULL,NULL,2541
AY.39,21J (Delta),AY.122,B.1.617.2.39,Delta,Delta,12
NULL,NULL,NULL,NULL,NULL,NULL,85643
B.1.1,20B,B.1.1.355,B.1.1,NULL,NULL,2
AY.46.5,21J (Delta),AY.46.5,B.1.617.2.46.5,Delta,Delta,22
BA.1.2,21K (Omicron),BA.1.2,B.1.1.529.1.2,BA.1,Omicron,1
B.1.1,20B,B.1.1.89,B.1.1,NULL,NULL,1
B.1.177,20E (EU1),B.1.177.24,B.1.177,NULL,NULL,972
BA.1,21K (Omicron),B.1.1.529,B.1.1.529.1,BA.1,Omicron,6
B.1,20A,AY.43,B.1,NULL,NULL,6
B.1.1.297,20B,B.1.1.297,B.1.1.297,NULL,NULL,1
B.1.177,20E (EU1),B.1.177.60,B.1.177,NULL,NULL,10
B.1.36,20A,B.1.36,B.1.36,NULL,NULL,308
AY.44,21J (Delta),AY.44,B.1.617.2.44,Delta,Delta,40
B.1.1,20B,B.1.1.524,B.1.1,NULL,NULL,1
B.1,20A,B.1.177.70,B.1,NULL,NULL,1
B.1,20A,B.1.562,B.1,NULL,NULL,1
B.1.1,20B,B.1.1.191,B.1.1,NULL,NULL,177
AY.91.1,21J (Delta),AY.91.1,B.1.617.2.91.1,Delta,Delta,145
AY.4,21J (Delta),AY.4.10,B.1.617.2.4,Delta,Delta,1
AY.125,21J (Delta),AY.125,B.1.617.2.125,Delta,Delta,1827
B.1.617,20A,B.1.617.2,B.1.617,NULL,NULL,4
AY.4.17,21J (Delta),AY.4.17,B.1.617.2.4.17,Delta,Delta,1
B.1.1.302,20B,B.1.1.302,B.1.1.302,NULL,NULL,173
BA.1.1.18,21K (Omicron),BA.1.1.18,B.1.1.529.1.1.18,BA.1,Omicron,27
BA.2.65,21L (Omicron),BA.2.10,B.1.1.529.2.65,BA.2,Omicron,1
B.1.258,20A,B.1.258.22,B.1.258,NULL,NULL,60
AY.123,21J (Delta),AY.123.1,B.1.617.2.123,Delta,Delta,52
B.1.617.2,21J (Delta),AY.127,B.1.617.2,Delta,Delta,31
B.1.177.35,20E (EU1),B.1.177.35,B.1.177.35,NULL,NULL,1168
B.1.617.2,21J (Delta),AY.43.6,B.1.617.2,Delta,Delta,12
B.1.1.1,20D,C.19,B.1.1.1,NULL,NULL,47
AY.98.1,21J (Delta),AY.98.1.1,B.1.617.2.98.1,Delta,Delta,1
B.1,20A,B.1.621,B.1,NULL,NULL,1
BA.1.9,21K (Omicron),BA.1.9,B.1.1.529.1.9,BA.1,Omicron,1
B.1,20A,AY.98,B.1,NULL,NULL,1
B.1,20A,B.1.1.189,B.1,NULL,NULL,1
AY.107,21J (Delta),AY.107,B.1.617.2.107,Delta,Delta,2
B.1.214,20A,B.1.214.4,B.1.214,NULL,NULL,141
B.1.617.2,21I (Delta),AY.9.2,B.1.617.2,Delta,Delta,2
AY.4,21J (Delta),AY.4,B.1.617.2.4,Delta,Delta,26956
BA.2.10,21L (Omicron),BA.2.10,B.1.1.529.2.10,BA.2,Omicron,72
B.1.258,20A,B.1.258.11,B.1.258,NULL,NULL,73
B.1.617.2,21A (Delta),AY.98,B.1.617.2,Delta,Delta,1
B.1,20A,AY.4.4,B.1,NULL,NULL,2
B.1,20A,B.1.473,B.1,NULL,NULL,2
B.1,20A,AY.111,B.1,NULL,NULL,1
AY.20,21J (Delta),AY.20,B.1.617.2.20,Delta,Delta,34
B.1.1,20B,B.1.1.428,B.1.1,NULL,NULL,10
AY.46.4,21J (Delta),AY.46.4,B.1.617.2.46.4,Delta,Delta,86
AY.64,21I (Delta),AY.64,B.1.617.2.64,Delta,Delta,3
B.1,20A,AY.4.2,B.1,NULL,NULL,1
B.1.1,20B,B.1.1.218,B.1.1,NULL,NULL,10
B.1.617.2,21J (Delta),AY.4.2.3,B.1.617.2,Delta,Delta,1
AY.66,21I (Delta),AY.66,B.1.617.2.66,Delta,Delta,3
B.1.1,20B,B.1.1.170,B.1.1,NULL,NULL,1
B.1.617.2,21J (Delta),AY.44,B.1.617.2,Delta,Delta,4
AY.43,21J (Delta),AY.98,B.1.617.2.43,Delta,Delta,1
B.1,20A,B.1.1.219,B.1,NULL,NULL,6
B.1.177.35,20E (EU1),B.1.177,B.1.177.35,NULL,NULL,1
AY.112,21J (Delta),AY.122,B.1.617.2.112,Delta,Delta,1
BA.1.1,21K (Omicron),BA.1.1.8,B.1.1.529.1.1,BA.1,Omicron,1
B.1.566,20C,B.1.428,B.1.566,NULL,NULL,2
AY.4.2,21J (Delta),AY.4.2.2,B.1.617.2.4.2,Delta,Delta,34
BA.2,21L (Omicron),BA.2.38,B.1.1.529.2,BA.2,Omicron,6
B.1,20A,B.1.177.76,B.1,NULL,NULL,1
B.1.1.170,20B,B.1.1.170,B.1.1.170,NULL,NULL,190
B.1.438,20A,B.1.438,B.1.438,NULL,NULL,8
B.1.617.2,21A (Delta),AY.68,B.1.617.2,Delta,Delta,1
B.1.438.1,20A,B.1.438,B.1.438.1,NULL,NULL,5
AY.61,21I (Delta),AY.61,B.1.617.2.61,Delta,Delta,42
AY.5.2,21J (Delta),AY.5.2,B.1.617.2.5.2,Delta,Delta,10
B.1.177.46,20E (EU1),B.1.177,B.1.177.46,NULL,NULL,645
AY.122.6,21J (Delta),AY.122,B.1.617.2.122.6,Delta,Delta,4829
XH,recombinant,XH,XH,NULL,NULL,93
B.1.637,20C,B.1.637,B.1.637,NULL,NULL,2
BA.1.9,21K (Omicron),BA.1.1,B.1.1.529.1.9,BA.1,Omicron,5
B.1.221,20A,B.1,B.1.221,NULL,NULL,38
AY.117,21J (Delta),AY.117,B.1.617.2.117,Delta,Delta,9
AY.122,21J (Delta),AY.122.3,B.1.617.2.122,Delta,Delta,2
B.1.466.2,20A,B.1.466.2,B.1.466.2,NULL,NULL,10
B.1.1,20B,B.1.617.2,B.1.1,NULL,NULL,1
BA.1.6,21K (Omicron),BA.1.6,B.1.1.529.1.6,BA.1,Omicron,25
B.1.1,20B,B.1.1.385,B.1.1,NULL,NULL,2
B.1,20A,B.1.1,B.1,NULL,NULL,384
B.1.617.2,21J (Delta),AY.39,B.1.617.2,Delta,Delta,6
BA.2.9,21L (Omicron),BA.2.9.2,B.1.1.529.2.9,BA.2,Omicron,11
XAR,recombinant,BA.2,XAR,NULL,NULL,1
B.1.222,20A,B.1.222,B.1.222,NULL,NULL,2
B.1.177,20E (EU1),B.1.177.21,B.1.177,NULL,NULL,331
B.1.221,20A,B.1.221,B.1.221,NULL,NULL,2482
B.1.258,20A,B.1.258,B.1.258,NULL,NULL,2285
B.1,20A,AY.6,B.1,NULL,NULL,1
B.1.619,20A,B.1.619,B.1.619,NULL,NULL,7
AY.94,21J (Delta),AY.94,B.1.617.2.94,Delta,Delta,114
BA.2.9,21L (Omicron),BA.2,B.1.1.529.2.9,BA.2,Omicron,98
B.1.1.529,21M (Omicron),BA.3.1,B.1.1.529,Omicron,Omicron,1
C.36.3.1,20D,C.36.3,B.1.1.1.36.3.1,NULL,NULL,2
B.1.617.2,21J (Delta),AY.4.14,B.1.617.2,Delta,Delta,3
B.1.1,20B,B.1.1.280,B.1.1,NULL,NULL,4
B.1.1.170,20B,B.1,B.1.1.170,NULL,NULL,1
BA.2.9,21L (Omicron),BA.2.36,B.1.1.529.2.9,BA.2,Omicron,8
B.1.466.1,20A,B.1.466.1,B.1.466.1,NULL,NULL,8
AY.4.2.1,21J (Delta),AY.4.2.1,B.1.617.2.4.2.1,Delta,Delta,97
BA.1.15,21K (Omicron),BA.1.15,B.1.1.529.1.15,BA.1,Omicron,984
AY.37,21I (Delta),AY.37,B.1.617.2.37,Delta,Delta,20
B.1.1.433,20B,B.1.1,B.1.1.433,NULL,NULL,2
XAD,recombinant,BA.2,XAD,NULL,NULL,1
B.1,20A,B.1.1.433,B.1,NULL,NULL,1
B.1,20C,B.1.343,B.1,NULL,NULL,10
B.1.480,20A,B.1.480,B.1.480,NULL,NULL,180
B.1,20A,B.1.523,B.1,NULL,NULL,96
BA.2,21L (Omicron),BA.2.34,B.1.1.529.2,BA.2,Omicron,54
B.1.1.448,20B,B.1.1.448,B.1.1.448,NULL,NULL,1
B.1.177.86,20E (EU1),B.1.177,B.1.177.86,NULL,NULL,3
AY.69,21I (Delta),AY.69,B.1.617.2.69,Delta,Delta,2
BA.1,21K (Omicron),BA.1.1,B.1.1.529.1,BA.1,Omicron,292
B.1.1.378,20B,B.1.1,B.1.1.378,NULL,NULL,2
